{
  "GPE": {
    "precision": 0.9959957287773625,
    "recall": 0.9989290495314592,
    "f1-score": 0.9974602325892261,
    "support": 3735,
    "confused_with": {}
  },
  "micro avg": {
    "precision": 0.9959957287773625,
    "recall": 0.9989290495314592,
    "f1-score": 0.9974602325892261,
    "support": 3735
  },
  "macro avg": {
    "precision": 0.9959957287773625,
    "recall": 0.9989290495314592,
    "f1-score": 0.9974602325892261,
    "support": 3735
  },
  "weighted avg": {
    "precision": 0.9959957287773625,
    "recall": 0.9989290495314592,
    "f1-score": 0.9974602325892262,
    "support": 3735
  },
  "accuracy": 0.9984158746039686
}