{
  "answer": {
    "precision": 0.9963833634719711,
    "recall": 0.999546485260771,
    "f1-score": 0.9979624179307222,
    "support": 2205,
    "confused_with": {}
  },
  "micro avg": {
    "precision": 0.9963833634719711,
    "recall": 0.999546485260771,
    "f1-score": 0.9979624179307222,
    "support": 2205
  },
  "macro avg": {
    "precision": 0.9963833634719711,
    "recall": 0.999546485260771,
    "f1-score": 0.9979624179307222,
    "support": 2205
  },
  "weighted avg": {
    "precision": 0.9963833634719711,
    "recall": 0.999546485260771,
    "f1-score": 0.9979624179307222,
    "support": 2205
  },
  "accuracy": 0.9988028731045491
}