{
  "answer": {
    "precision": 0.9949587534372135,
    "recall": 0.9981609195402299,
    "f1-score": 0.9965572641725958,
    "support": 2175,
    "confused_with": {}
  },
  "micro avg": {
    "precision": 0.9949587534372135,
    "recall": 0.9981609195402299,
    "f1-score": 0.9965572641725958,
    "support": 2175
  },
  "macro avg": {
    "precision": 0.9949587534372135,
    "recall": 0.9981609195402299,
    "f1-score": 0.9965572641725958,
    "support": 2175
  },
  "weighted avg": {
    "precision": 0.9949587534372136,
    "recall": 0.9981609195402299,
    "f1-score": 0.9965572641725958,
    "support": 2175
  },
  "accuracy": 0.9979914301017675
}