{
  "GPE": {
    "precision": 0.9936708860759493,
    "recall": 0.9968253968253968,
    "f1-score": 0.9952456418383518,
    "support": 2205,
    "confused_with": {}
  },
  "micro avg": {
    "precision": 0.9936708860759493,
    "recall": 0.9968253968253968,
    "f1-score": 0.9952456418383518,
    "support": 2205
  },
  "macro avg": {
    "precision": 0.9936708860759493,
    "recall": 0.9968253968253968,
    "f1-score": 0.9952456418383518,
    "support": 2205
  },
  "weighted avg": {
    "precision": 0.9936708860759493,
    "recall": 0.9968253968253968,
    "f1-score": 0.995245641838352,
    "support": 2205
  },
  "accuracy": 0.9972093023255814
}