{
  "disagree": {
    "precision": 0.9,
    "recall": 1.0,
    "f1-score": 0.9473684210526316,
    "support": 18,
    "confused_with": {}
  },
  "skip_question": {
    "precision": 0.9090909090909091,
    "recall": 1.0,
    "f1-score": 0.9523809523809523,
    "support": 10,
    "confused_with": {}
  },
  "repeat_question": {
    "precision": 1.0,
    "recall": 0.375,
    "f1-score": 0.5454545454545454,
    "support": 8,
    "confused_with": {
      "give_answer": 2,
      "disagree": 2
    }
  },
  "agree": {
    "precision": 0.9565217391304348,
    "recall": 0.9166666666666666,
    "f1-score": 0.9361702127659574,
    "support": 24,
    "confused_with": {
      "give_answer": 2
    }
  },
  "give_answer": {
    "precision": 0.9974193548387097,
    "recall": 0.9993535875888817,
    "f1-score": 0.9983855343881175,
    "support": 1547,
    "confused_with": {
      "agree": 1
    }
  },
  "accuracy": 0.9950217797137524,
  "macro avg": {
    "precision": 0.9526064006120107,
    "recall": 0.8582040508511095,
    "f1-score": 0.8759519332084409,
    "support": 1607
  },
  "weighted avg": {
    "precision": 0.9951805679934806,
    "recall": 0.9950217797137524,
    "f1-score": 0.9943438607785899,
    "support": 1607
  },
  "micro avg": {
    "precision": 0.9950217797137524,
    "recall": 0.9950217797137524,
    "f1-score": 0.9950217797137524,
    "support": 1607
  }
}