{
  "concur": {
    "precision": 0.9615384615384616,
    "recall": 0.9447674418604651,
    "f1-score": 0.9530791788856305,
    "support": 344,
    "confused_with": {
      "give_answer": 13,
      "contest": 6
    }
  },
  "contest": {
    "precision": 0.9727520435967303,
    "recall": 0.9807692307692307,
    "f1-score": 0.9767441860465117,
    "support": 364,
    "confused_with": {
      "give_answer": 6,
      "concur": 1
    }
  },
  "give_answer": {
    "precision": 0.95,
    "recall": 0.9575596816976127,
    "f1-score": 0.9537648612945839,
    "support": 377,
    "confused_with": {
      "concur": 12,
      "contest": 4
    }
  },
  "accuracy": 0.9612903225806452,
  "macro avg": {
    "precision": 0.9614301683783971,
    "recall": 0.9610321181091028,
    "f1-score": 0.9611960754089086,
    "support": 1085
  },
  "weighted avg": {
    "precision": 0.9612912208649224,
    "recall": 0.9612903225806452,
    "f1-score": 0.9612566580328529,
    "support": 1085
  },
  "micro avg": {
    "precision": 0.9612903225806452,
    "recall": 0.9612903225806452,
    "f1-score": 0.9612903225806452,
    "support": 1085
  }
}