{
  "give_answer": {
    "precision": 0.9314720812182741,
    "recall": 0.9734748010610079,
    "f1-score": 0.9520103761348897,
    "support": 377,
    "confused_with": {
      "concur": 9,
      "contest": 1
    }
  },
  "contest": {
    "precision": 0.9779005524861878,
    "recall": 0.9725274725274725,
    "f1-score": 0.9752066115702479,
    "support": 364,
    "confused_with": {
      "give_answer": 9,
      "concur": 1
    }
  },
  "concur": {
    "precision": 0.9696048632218845,
    "recall": 0.9273255813953488,
    "f1-score": 0.9479940564635958,
    "support": 344,
    "confused_with": {
      "give_answer": 18,
      "contest": 7
    }
  },
  "accuracy": 0.9585253456221198,
  "macro avg": {
    "precision": 0.9596591656421154,
    "recall": 0.9577759516612764,
    "f1-score": 0.9584036813895779,
    "support": 1085
  },
  "weighted avg": {
    "precision": 0.9591381093756589,
    "recall": 0.9585253456221198,
    "f1-score": 0.9585189620625811,
    "support": 1085
  },
  "micro avg": {
    "precision": 0.9585253456221198,
    "recall": 0.9585253456221198,
    "f1-score": 0.9585253456221198,
    "support": 1085
  }
}