{
  "answer": {
    "precision": 0.9994845360824742,
    "recall": 0.8914942528735632,
    "f1-score": 0.9424058323207777,
    "support": 2175,
    "confused_with": {}
  },
  "micro avg": {
    "precision": 0.9994845360824742,
    "recall": 0.8914942528735632,
    "f1-score": 0.9424058323207777,
    "support": 2175
  },
  "macro avg": {
    "precision": 0.9994845360824742,
    "recall": 0.8914942528735632,
    "f1-score": 0.9424058323207777,
    "support": 2175
  },
  "weighted avg": {
    "precision": 0.9994845360824741,
    "recall": 0.8914942528735632,
    "f1-score": 0.9424058323207778,
    "support": 2175
  },
  "accuracy": 0.9682645956079271
}