{
  "answer": {
    "precision": 0.999492385786802,
    "recall": 0.8929705215419501,
    "f1-score": 0.9432335329341317,
    "support": 2205,
    "confused_with": {}
  },
  "micro avg": {
    "precision": 0.999492385786802,
    "recall": 0.8929705215419501,
    "f1-score": 0.9432335329341317,
    "support": 2205
  },
  "macro avg": {
    "precision": 0.999492385786802,
    "recall": 0.8929705215419501,
    "f1-score": 0.9432335329341317,
    "support": 2205
  },
  "weighted avg": {
    "precision": 0.999492385786802,
    "recall": 0.8929705215419501,
    "f1-score": 0.9432335329341317,
    "support": 2205
  },
  "accuracy": 0.9684756584197926
}